district_code,school_type,name,attendance_rate,attend_college,artcourse,avgclass_size,African.American,Asian,Hispanic,White,Native.American,pacific_islander,multi_race,Males,Females,nonbinary,grade9_passrate,expenditure,notnativespeaker,englishlearner,highneed,disability,econdisadv,teacher_retained,teacher_license,masscore_complete,sat_verbal,sat_math
10000,0,Abington,94.5,85.2,85.07984032,21.1,4.8,2.5,10.9,79.2,0.6,0.1,1.9,50.4,49.6,0,77.3,13461.03,14.1,7.7,41.4,15.8,29.7,88.5,99.7,99.1,533,539
50000,0,Agawam,95,78.1,85.85572843,14.8,2.1,3.3,10.4,80.9,0,0,3.2,51.6,48.4,0,80.1,15902.26,12.2,5,46.3,17.1,34.9,89.4,100,85.3,558,561
70000,0,Amesbury,95.3,70.5,79.59081836,16.3,2.2,1.2,9.9,82.3,0.2,0.1,4.2,53,47,0.1,86.5,15644.74,4,2.1,42,22.2,28.3,88.6,98.8,100,572,574
90000,0,Andover,96,87.6,89.68092329,17.8,2.7,19.2,7.7,66.6,0.1,0.1,3.6,50.2,49.7,0.1,98.1,16876.47,17.3,3.1,31.8,20.4,9.8,90.9,100,100,604,624
100000,0,Arlington,95.5,82.9,88.09038396,18.2,3.4,13.1,6.2,69.9,0.1,0.1,7.3,50.3,49.5,0.1,94.3,13390.02,11.9,4.1,26.4,15.7,9.1,87.8,99.4,100,610,608
140000,0,Ashland,95.7,85.3,88.17359855,19.5,2.9,16.3,13.6,63.4,0.4,0,3.4,51.7,48.3,0,96.5,13571.33,27.6,6,34.9,17.3,17.8,89.8,100,84.8,570,607
160000,0,Attleboro,95,68.2,86.18012422,21.2,6.8,4.6,15.6,66.4,0.2,0.1,6.4,52.7,47.3,0,83.3,13296.41,14.2,5.9,46,17.5,33,93.4,99.2,79.4,549,542
170000,0,Auburn,95.3,81,90.8912446,18.9,2.5,4.6,9.5,80.1,0.1,0,3.2,49.8,50.2,0,85.1,13267.85,9.1,2.2,32.3,10.8,22.2,89.7,100,90.8,564,547
180000,0,Avon,95.1,82,94.64788732,13,29.4,4.5,12.6,46.3,0.6,0,6.6,52.1,47.9,0,70.7,15924.75,9.1,4.8,49.6,19.9,36.3,94.1,100,100,519,510
200000,0,Barnstable,94.6,78.2,84.52051882,16.5,8.3,2.1,20.1,62.2,0.4,0.1,6.9,51.8,48.1,0.1,80.6,16111.07,25.5,12.8,57.5,17.6,41.9,89.4,99.4,81.3,557,551
230000,0,Bedford,96,77.2,82.69817073,16.2,6.4,19.6,7.5,60.7,0,0,5.7,51.9,48.1,0,96,17595.08,18.4,4.5,30.9,17.2,10.6,93.5,98.5,100,609,617
240000,0,Belchertown,95,78.3,83.75111907,17,1.7,1.2,6,87,0.3,0.2,3.6,50.6,49.2,0.1,84.8,13250.9,2.6,1.4,35.2,19.4,21.7,92.9,99.2,29.1,567,562
250000,0,Bellingham,94.9,63.8,88.56071261,18.5,2.1,3.1,7.1,84.5,0.1,0.4,2.8,49.6,50.3,0.1,85.8,15027.28,5.5,2.4,40.2,21.3,24.8,89.3,99.7,73.8,544,539
260000,0,Belmont,96.5,85.2,89.49314771,21.7,3.2,21.4,3.8,63.1,0.1,0.1,8.3,50,50,0,98,12736.05,26.9,7.9,29.3,12,8.3,89.6,100,99.3,622,641
300000,0,Beverly,95,75.3,95.70155902,21.2,3.6,2.5,15,74.8,0.1,0,3.9,51.9,48.1,0,81.3,13479.71,9.8,4.2,41.2,19.4,28.3,88.1,99.2,96,575,568
310000,0,Billerica,95.9,81.6,90.12372477,17.8,5.4,9.2,7.9,74.1,0.1,0.1,3.3,50.2,49.8,0,85.5,16094.44,11.1,1.7,36.7,20.2,21.1,92.3,100,90.1,555,569
350000,0,Boston,92.9,63.6,69.24133407,17.1,29.3,9.1,42.4,15.3,0.3,0.2,3.4,51.8,48.1,0,68,22748.42,48.1,29.2,78.2,21.5,63,87.1,94.3,28.6,508,522
360000,0,Bourne,94.7,77.3,88.74734607,17.6,1.8,1.9,5.4,85.8,1.2,0,4,48.1,51.9,0,90,15644.78,1.9,1,41.7,18.3,30.7,88.1,99.3,100,534,519
400000,0,Braintree,95.9,80.1,83.79898085,17.5,5.2,23.5,4.9,64.1,0.1,0.1,2,50.4,49.5,0,87.9,14044.86,19.8,6.1,42,19.9,21.9,93.7,100,95.4,569,592
440000,0,Brockton,93.8,59.3,79.02191831,19.9,60.6,1.9,17,15.5,0.3,0.2,4.5,52.7,47.3,0,51.1,14297.12,44.7,25.8,77.9,17.3,65.5,91.4,98.9,24.8,490,479
460000,0,Brookline,95.5,81.9,87.63837638,17.3,6.2,20,10.8,52.2,0,0.1,10.8,50.6,49.2,0.1,92.3,19474.53,29.1,9.4,35.4,17,10.8,87.9,99.2,99.2,606,624
480000,0,Burlington,95.4,83.5,73.64475202,17.1,7.3,17.9,6.8,63.8,0.2,0,4.1,50.7,49.3,0.1,92.9,19888.68,20.4,5,30.9,14.2,15.2,92,99.5,100,559,556
490000,0,Cambridge,94.1,77.8,85.27286703,15.2,22.8,12.3,13.8,40.9,0.2,0.1,9.8,50.5,49.4,0.1,77.7,27597.3,27.6,5.9,48.2,23.1,31.5,87.3,97.7,95.6,561,560
500000,0,Canton,95.7,89,89.99378496,18.6,10.8,11.5,5.7,65.3,0.1,0.2,6.4,48.6,51.3,0.1,93.3,15632.84,7.3,2.2,29.5,12.9,17,91,98.8,96.9,571,572
520000,0,Carver,95.3,78.3,71.37150466,17.9,2,0.3,1.7,94.5,0.3,0.1,1.1,51.3,48.7,0,85.5,14581.61,1.5,1.4,38.5,19.3,25.5,92.2,99.2,100,552,557
560000,0,Chelmsford,96.2,82.3,87.8987446,18.1,4,16.5,7.5,68.2,0.2,0.1,3.5,51.8,48.2,0,97.2,13723.79,20.8,4.2,31.2,16.6,14.7,89.6,99.5,100,583,599
570000,0,Chelsea,92.8,73.4,86.67115449,21.9,4.5,0.1,87.7,6.2,0.2,0,1.3,52.1,47.9,0,55.7,13260.04,83.4,35.7,85.8,16.7,70.6,81.4,96.7,100,476,466
610000,0,Chicopee,94.2,60.2,72.67691455,17.5,4.5,2,40.8,49.2,0,0,3.4,53.9,46.1,0,59.7,14975.37,13.3,5.7,66.5,18.9,58.9,91.7,98.1,33.2,539,541
640000,0,Clinton,94.6,63.2,81.20133482,17.8,3.2,1,31.1,62.1,0,0.1,2.5,53.9,46.1,0.1,82.1,13313.04,27.7,13.4,59,22.8,43.7,86,98.3,84,513,489
650000,0,Cohasset,95.7,84.9,98.68680236,18.8,2.9,1.9,1.2,92,0.2,0,1.9,50.1,49.9,0.1,99.1,16000.42,0.6,0.1,17.9,13.1,5.7,84.4,99.1,100,594,584
710000,0,Danvers,95.3,81.2,88.21966342,18.7,2.4,2.4,8.8,83.8,0.1,0,2.5,51.2,48.8,0,90,15680.82,4.7,1.3,34.9,18.5,20.7,89.6,100,100,556,550
720000,0,Dartmouth,95.8,81.9,87.9786036,18.7,1.5,0.6,5.3,86,0,0,6.6,51.4,48.6,0,82.2,13077.07,2.6,1.6,38,17.1,25.6,92.4,99.3,99.6,558,554
730000,0,Dedham,94.9,75,86.55624037,17.6,7.2,2.3,16.1,69.1,0,0,5.3,52,47.9,0.1,83,19290.5,13.4,5.5,42.1,21.9,24.8,88.8,100,52.2,536,549
770000,0,Douglas,95.2,81.2,73.77706496,18.1,0.7,0.8,5,90.2,0,0.2,3.2,52,48,0,89.7,13254.81,1,0.7,32.2,18.8,18.8,92.9,100,32.7,555,517
790000,0,Dracut,95.1,86.2,76.38580931,20.6,7.5,7.7,11.9,70.8,0.3,0,1.9,52.1,47.8,0.2,81.8,11588.6,3.9,1.7,40.2,15.9,28.7,80.2,99.1,100,540,545
820000,0,Duxbury,95.9,88.2,90.89068826,19.7,0.5,1.3,2.5,91.9,0.1,0,3.8,51.4,48.6,0,97.9,14926.79,2.2,0.3,20.2,14.7,6.7,90.6,99.7,100,586,578
830000,0,East Bridgewater,94.9,77.6,87.59943847,20.4,4.4,0.8,3,88.4,0.5,0,2.9,52.2,47.8,0,83.1,12000.13,1.3,0.8,35.2,17.4,22.3,89.8,100,100,534,512
860000,0,Easthampton,94.9,67.8,81.69848585,18,1.2,3.3,14.3,77,0.3,0.1,3.8,51.5,48.2,0.3,84.2,14352.76,6.6,3.3,45.9,19.2,35.5,89.7,100,100,552,528
870000,0,East Longmeadow,95.3,82.6,73.48044909,18.3,3.4,6,9.7,77.6,0,0,3.2,52.2,47.8,0,91.7,14343.38,7.5,1.6,36.2,18.4,22.7,92,99.5,0.5,561,560
880000,0,Easton,95.9,84.9,79.34904602,18.9,7.1,3.3,6.5,78.9,0.3,0.1,3.8,51,49,0,97.2,13279.96,5.4,1.5,31.7,19.2,16.7,90.1,100,100,562,552
930000,0,Everett,93.4,58.1,81.77059967,20.7,14.9,5.4,59.2,18.4,0.3,0.1,1.6,50.9,49,0,69,13976.06,66.2,27.1,77.2,18.1,61.1,88.4,99.3,54.2,506,493
940000,0,Fairhaven,95.4,80.6,81.63265306,17.9,2.7,2.2,5.4,85.3,0.8,0,3.6,50.3,49.7,0,80.7,11909.11,3.9,1.4,42.4,16.6,33.1,94.7,100,93.8,540,562
950000,0,Fall River,92.5,48.8,83.75171602,18.4,9,3.5,29.7,48.8,0.1,0,8.9,50.9,49.1,0,52.4,14628.19,28.3,17.6,81,23,73.8,83.8,94.6,77.8,543,526
960000,0,Falmouth,94.5,82.6,91.34199134,16.9,5,1.8,7.5,78.1,0.9,0,6.7,51.9,48,0.2,77,18242.46,7.6,4,45.3,19.1,33.6,86.5,99,73.2,565,554
970000,0,Fitchburg,93.5,43.5,83.65876777,18.7,6.1,4.4,55.6,26.2,0,0,7.6,52.1,47.9,0,63.3,13488.33,37.4,15.7,75.6,24.2,66.4,86.3,97.9,54.7,465,460
990000,0,Foxborough,96,81.5,81.67266907,17.1,6.3,4.7,6.8,78.4,0.4,0.1,3.2,52.4,47.5,0,94.6,16640.27,4.7,2.4,34.9,20.2,18.3,93.5,100,58,566,579
1000000,0,Framingham,94.2,70.1,86.1196232,17.6,6.8,4.4,36.2,47.9,0.1,0.1,4.5,51,49,0,73.5,17820.67,48.4,26.2,63.8,21.7,44.9,85.1,96.2,76.2,563,588
1010000,0,Franklin,95.7,88.4,87.914877,17.2,2.1,6.2,4.7,84.2,0.1,0.7,2,51.8,48.1,0.1,94.9,13493.83,6.5,1.5,27.8,18.2,11.3,84.7,99.6,100,576,572
1030000,0,Gardner,93.8,73.2,82.12669683,18.5,3.2,2.4,23.2,63.5,0.2,0,7.6,52,47.9,0.1,56.5,13212.95,10,5,65.4,22.5,56.7,83.4,98.5,31.3,497,475
1050000,0,Georgetown,95.4,82.2,92.79141104,15.1,0.8,1.1,2.6,93.4,0,0.2,1.9,50.1,49.8,0.1,90.8,13764.43,1.5,0,25.5,17.2,11.1,91,99.1,100,580,570
1070000,0,Gloucester,94.1,53.3,88.0704276,16.9,1.6,1.3,12.7,80,0.2,0.4,3.8,52.3,47.7,0.1,66.7,16836.25,11.8,7.9,55.3,25.5,40.7,88.2,98.4,58,544,553
1100000,0,Grafton,95.1,86,85.93192869,19.7,2,12.4,5.8,76.8,0.2,0.1,2.8,52,48,0,92.2,12321.71,3.8,2,31.3,20.1,15,90.6,99.5,79.6,570,574
1110000,0,Granby,96.5,66.7,75.88652482,14.7,0.1,1.3,10.8,83.7,0.3,0,3.9,54.1,45.8,0.1,88.1,13445.12,7.8,5.4,43.6,19,32.5,96.8,100,100,528,543
1140000,0,Greenfield,93.3,60.5,90.69197795,15.7,2.9,1.4,20.3,70.1,0.2,0,5.2,52.6,47.4,0,64,15202.42,8.8,5.2,62.1,19.5,55.2,78.4,97.9,70.4,541,557
1170000,0,Hadley,94.9,74,84.54011742,15.5,3.2,4.2,10.3,76.9,0.4,2.4,2.8,52.8,47.2,0,89.2,15727.54,6.1,4,32.9,13.5,23.1,84,100,100,584,595
1220000,0,Hanover,95.5,89.2,84.53807499,19,1.2,2.2,2.4,93.5,0,0,0.7,51.5,48.5,0,95.9,14005.77,3.4,1,25.9,18.4,9.3,92.2,99.7,100,568,561
1250000,0,Harvard,95.9,85.7,82.61682243,16.3,2.4,12,4.4,76.5,0,0,4.7,50,49.9,0.1,100,16766.22,5.4,0.6,18.8,11.1,8.2,95.6,100,100,628,626
1270000,0,Hatfield,95.6,82.1,91.44893112,14.1,0.8,1,4.3,91.9,0,0,2,51.6,47.9,0.5,95.5,14400.23,1,0.3,31.8,21,14.9,86.7,96.6,100,616,582
1280000,0,Haverhill,93.6,63.1,86.77696388,18.3,5.3,1.8,40.1,50.3,0.2,0.1,2.1,52.2,47.8,0,46.7,13283.75,16.9,9.6,64.9,23.3,53.6,85.4,98.7,49.9,542,539
1310000,0,Hingham,95.9,85.8,76.55913978,18.3,1.9,2.8,3.7,88.1,0.1,0,3.4,50.9,49.1,0.1,91.9,13215.56,1.8,0.3,18.4,13.6,6.4,94.5,99.7,100,597,583
1330000,0,Holbrook,95.9,77.8,83.42810723,18.4,21.5,5.6,14.7,50.4,0.3,0,7.5,52.8,47.2,0.1,87.7,14006.99,20.1,5.4,51,19.2,34.2,92.6,98.9,100,513,499
1360000,0,Holliston,95.8,88.5,92.03855766,16.5,1.2,9.4,5,81,0.4,0.2,2.8,52,48,0,82.1,12979.62,11.5,2.5,25.3,16.7,8.4,91.3,99.4,97.7,585,588
1370000,0,Holyoke,92.3,54.3,73.06914679,17.2,3.3,0.6,80.9,13.8,0,0,1.3,53,46.9,0,60.9,17144.91,38.9,20.2,86.1,27.9,81.4,69.7,85.5,44.7,490,464
1380000,0,Hopedale,96.2,76,91.90809191,15.4,1.3,1.8,9.7,82.2,0.2,0.2,4.6,52.1,47.9,0,91.4,13920.34,8.1,3.7,32.7,20.9,17.1,89.5,100,100,574,556
1390000,0,Hopkinton,95.9,88.3,86.34252936,19.9,0.8,23.6,4.1,67,0.3,0,4.2,50.8,49.2,0,97.2,14537.39,16.4,6.7,26,12.1,6.4,89.2,99.4,92.2,596,623
1410000,0,Hudson,94.9,74.4,86.92247455,18.7,2.1,1.7,15.3,77.8,0.2,0,2.9,48.7,51.2,0,79,15966.66,27.5,12.8,45.9,17.6,28.8,92.2,97.8,97.7,546,545
1420000,0,Hull,94.2,67.6,79.25211098,13.3,1.7,1.7,3.5,90.3,0.1,0,2.6,53.5,46.4,0.1,85.5,20530.02,1.9,1.2,45.5,21.2,32.9,95.3,100,100,550,564
1440000,0,Ipswich,96.1,76.9,93.00118624,16.9,1.1,1.3,7.1,86.5,0.1,0,3.9,48.9,50.9,0.1,97.2,16751.59,5.5,2.3,30,18,16.5,89.6,100,100,586,573
1490000,0,Lawrence,93.4,53.5,79.29073769,19.7,1.2,1.2,93.9,3.3,0,0,0.4,52.5,47.3,0.2,40,14591.77,72.3,34.5,89,19.5,78.5,86.7,93.5,100,469,477
1500000,0,Lee,94.9,64.3,83.55359765,13.5,0.9,2.8,8.6,83.9,0.3,0,3.5,51,48.9,0.1,81.3,18749.03,7.5,4.2,47.2,15.5,38.2,90.4,100,71.4,541,540
1510000,0,Leicester,95.2,80.6,79.49419002,17.9,5.2,3.2,12.9,75.5,0.1,0,3.1,53.3,46.5,0.1,86.4,13077.64,9,3.6,42.9,18.1,30.1,86.6,98.1,100,551,519
1520000,0,Lenox,95.3,83.7,84.06593407,13.6,0.4,4.9,9.5,80.1,0,0.1,4.9,49.3,50.7,0,98.5,19810.83,8.1,2.7,27.4,9.2,18.3,92.7,100,95.9,605,601
1530000,0,Leominster,95,60.6,86.49006623,19.5,8.4,3.5,38.6,45.1,0.1,0,4.4,51,48.9,0.1,77.7,13268.16,28.3,11.8,61,23.8,46.6,90,98.4,100,527,534
1550000,0,Lexington,96.6,81.7,94.90708878,19.5,3.9,41.8,4.8,42.2,0.1,0,7.3,50.8,49.1,0,96.4,17759.67,33.4,8.1,30.6,14,6.7,90,99.8,100,645,684
1580000,0,Littleton,95.8,85.2,89.13455464,18.4,1,12,3,81.5,0.2,0.2,2.3,49.5,50.5,0.1,92.2,14081.17,7.1,1.7,24.2,14.9,8.7,86.4,100,100,626,620
1590000,0,Longmeadow,95.8,87.1,81.74743544,19.1,2.6,10.2,5.8,76.8,0,0.1,4.4,51.5,48.5,0,97.2,14496.22,6.5,0.4,26.4,18.1,10.4,93.2,100,58.1,582,590
1600000,0,Lowell,94,70.4,83.3122807,19.8,7.9,28.2,35,24.8,0,0,4.1,52.2,47.8,0,53.2,14276.91,33.9,24,76.9,18.3,63.3,93.2,97.5,39.6,522,533
1610000,0,Ludlow,95.3,77.4,77.30723132,16.7,1.9,0.7,12.1,81.5,0,0.2,3.6,50.8,49.1,0.1,74,15867.01,9.1,3.7,42.2,17.1,31.7,92.7,99.6,43.2,547,561
1620000,0,Lunenburg,95.7,81.6,85.98884067,20.3,1.9,1.5,9.3,83.6,0.3,0.6,2.8,51.5,48.3,0.2,93.7,13684.14,4.1,1.1,32.1,16.3,20.7,87.4,100,100,562,570
1630000,0,Lynn,94.3,54.3,78.89350815,20.1,8.2,7.6,67.6,13.1,0.3,0,3.2,52.6,47.3,0.1,72,13719.79,61.3,31.5,79.5,17.7,65.1,88.5,95.6,26.2,504,501
1640000,0,Lynnfield,96.4,89.2,82.64692272,17.9,1.9,7,5.8,82,0,0,3.2,49.7,50.2,0,96.5,15172.89,8.3,2.4,26.4,17.3,9.4,89.5,99.4,98.8,563,566
1650000,0,Malden,94.2,69.1,77.36148595,20.5,18.7,23.5,26.1,27.5,0.2,0,4,51.9,48,0,64.5,14023.21,56.8,18.6,69.8,17.6,51.9,87.4,99.8,43.1,511,549
1670000,0,Mansfield,95.6,86.9,86.01360544,17.9,4.5,7.4,5.9,77.9,0.1,0,4.3,51.9,48.1,0,94.5,15675.58,6.8,1.7,29.3,15.8,16.9,91.5,100,100,581,589
1680000,0,Marblehead,95.7,88.2,81.48514851,16.7,2.9,1.4,6.8,85.4,0,0,3.4,51.7,48.3,0.1,90.8,15778.28,7.8,4.4,32.1,22.5,11.3,90.5,100,99.2,593,592
1700000,0,Marlborough,94.2,57.4,90.13157895,19.8,3.7,3,51.6,39.2,0.1,0,2.4,52.5,47.5,0,67.5,16311.39,52.1,23.9,66.3,17.3,45.4,91.3,99.7,100,522,518
1710000,0,Marshfield,95.9,83.8,79.15077549,18.3,0.5,1.1,3.4,92.8,0.1,0.2,1.9,51.9,48.1,0,91.2,13185.71,3.2,1.2,29.2,18.9,14.1,93.8,100,100,562,563
1720000,0,Mashpee,94.7,77.1,77.86509496,15.8,4.9,2,5.7,72.3,5.7,0.1,9.3,51.1,48.9,0,88.5,17304.76,9.2,4.5,45,15.4,35.1,89.6,99.3,100,541,529
1740000,0,Maynard,93.8,83.5,83.59375,17.2,1.6,1.8,14.1,77.6,0.3,0,4.7,51.2,48.6,0.2,75.3,16227.67,10.9,5.1,36,19.3,20.1,85.5,95.5,100,565,542
1750000,0,Medfield,96.4,89.4,89.51076321,17.7,1.2,4.2,3.5,86.9,0.3,0,3.8,50.9,49.1,0,97.5,15262.24,3.2,0.8,18,12.4,6.3,86.6,99,99.5,605,616
1760000,0,Medford,95.1,68.9,82.36151603,15.3,11.9,9.5,13.6,59.3,0.5,0.1,5.1,52.2,47.8,0,83.6,17632.46,26.8,10.4,50.4,19.5,34.2,90.4,98.8,99.4,548,543
1770000,0,Medway,96.5,90.5,84.56932289,17.8,1.7,3.1,5.6,86.6,0.2,0.1,2.6,49.5,50.5,0,94.4,13984.88,2.4,1.5,25.8,17,11.1,85.7,100,96.1,568,575
1780000,0,Melrose,96,90.2,86.12400983,20.1,6,6.1,5.4,76.9,0.1,0,5.5,49.6,50.4,0,95.5,11816.23,13.7,5.4,29.6,16.7,12.8,88.1,100,100,577,557
1810000,0,Methuen,94.4,68.3,85.4199913,20.3,3.8,3.7,44.9,43.6,0,0,3.9,52.9,47,0,79.6,12843.27,27.5,10.7,56.3,19.6,41.9,86.1,98.1,60.4,517,520
1820000,0,Middleborough,94.5,66.7,90.77819678,20,2.6,1.1,2.9,87.8,0.6,0,5,51,49,0,86.7,14251.87,2.5,1.4,43.5,19.1,32.8,90.3,99.5,100,572,553
1850000,0,Milford,94.3,68.3,87.90455941,18.8,3.2,1.4,31,59.6,1.4,0,3.3,52.9,47,0,77.7,14254.81,40.4,22.2,60.3,17.1,46,91.5,98.8,99.6,554,547
1860000,0,Millbury,95.6,63.7,81.65644172,18.1,3.7,3.5,8.2,78.8,0,0.1,5.7,52.2,47.6,0.2,81.3,15745.42,8.9,4.6,44.5,19.1,29.3,90.2,100,100,539,545
1870000,0,Millis,95.8,86.5,71.8537415,16.6,1.1,2.3,8.4,83.7,0.3,0.2,4,50.8,49.1,0.1,93.5,14216.08,5.1,2.2,26.3,13.7,14.2,89.3,99.7,100,555,533
1890000,0,Milton,96.4,87.9,87.01424089,19.5,13.1,7.5,5,68.8,0.1,0.1,5.4,49.3,50.7,0,93,14329.29,9.6,2.1,26.4,16,11.4,89.5,99.7,100,567,579
1910000,0,Monson,94.9,80.6,83.19719953,15.5,1.3,1.3,5,89.5,0.1,0.2,2.6,48.1,51.7,0.2,88.4,16422.21,2.1,0.5,43.6,19.5,33.1,84.3,100,88.1,533,513
1970000,0,Nantucket,94.8,69.8,89.91442543,18.1,9.4,1.4,36.1,48.5,0.1,0,4.4,51.8,48.2,0,86.7,21938.28,40,16.3,51.9,16,28.9,85.1,95.1,94.6,549,526
1980000,0,Natick,95.9,82,87.26161822,18.7,2.7,10.7,6.7,74.3,0.1,0,5.6,51.9,48.1,0.1,92.5,15366.53,10.6,3,25.5,14.8,10.7,89.9,99.2,94.1,590,597
1990000,0,Needham,96.1,88.7,83.07065699,18.9,3.2,10.2,6.1,74.8,0.1,0.1,5.5,50.2,49.7,0.1,99.1,17212.86,10.4,3.2,25.5,17.4,6.4,90.5,99.8,100,608,619
2010000,0,New Bedford,93.8,42,90.7923256,18.4,13.5,0.8,41.7,38.2,0.4,0.1,5.3,52.4,47.6,0,54.8,13969.58,42.1,26.3,84.1,22.2,74,84.9,94.9,100,494,475
2040000,0,Newburyport,95.6,78.3,86.83847216,17.5,0.9,1.9,4.1,90.7,0,0,2.4,49.8,50.1,0,93.3,16164.89,5.9,2.2,27.9,19.3,11.5,96.4,99.7,100,576,585
2070000,0,Newton,95.5,81.8,85.14458214,18,4.6,20,8.2,59.3,0.1,0.1,7.7,50.9,49,0.1,96,18458.2,26.8,5.4,33,18.3,10.4,92,98.7,90.5,622,642
2090000,0,North Adams,93.7,51.3,85.2484472,15.8,2.5,0.6,7.3,80.5,0.2,0.2,8.7,50.9,49.1,0,83.6,16761.56,1.2,0.9,72.3,25.7,66.6,82.5,93.8,85,533,493
2100000,0,Northampton,94.6,77.5,78.03177063,16.5,3.1,3.1,16.1,70.4,0.2,0,7.1,50.9,48.6,0.5,95.3,14505.06,9.3,4.3,39,20.6,27.4,87.5,98.5,0,608,602
2110000,0,North Andover,96,87.9,82.82393457,20.8,2.9,7.7,12.9,73,0.1,0,3.4,51.5,48.5,0,86.4,12121.81,11.2,2,32.8,17.4,18.6,88.5,99.2,100,572,575
2120000,0,North Attleborough,95.1,87.2,88.88888889,18,4.6,7.5,5.2,78.3,0.2,0.1,4,51,48.9,0.1,91.2,12360.22,9.8,3.9,35.1,18.5,20.6,85.5,99.6,96,571,567
2140000,0,Northbridge,95.2,73.8,89.65,18.2,0.9,0.8,8.8,84.3,0.1,0.1,5,51.3,48.7,0,72.5,14062.08,4.7,2.5,45.4,18.4,33.9,88.8,100,100,537,517
2150000,0,North Brookfield,95.4,54.3,84.7706422,15.9,1,0.6,6.8,87.7,0,0,4,52.1,47.9,0,78.4,14859.41,1.4,1,49.5,23.9,35.4,80.9,100,100,553,511
2170000,0,North Reading,96.4,83.4,79.57356077,18.4,0.6,4.5,4.1,87.4,0.1,0.1,3.2,51.5,48.5,0,98.9,15032.88,1.3,0.5,25,18.1,9.5,90.6,100,100,562,557
2180000,0,Norton,95,78.1,80.25531915,19.1,2.1,2,4,88,0.2,0,3.7,49.4,50.6,0,87.7,14041.27,2.6,1.9,37.5,21.8,22.3,91.2,100,98.9,550,549
2190000,0,Norwell,95.5,90.1,88.54503464,17.5,0.5,2.1,1.5,92.3,0,0.1,3.5,52,48,0,99.4,15367.54,1.4,0.2,18.8,15.8,4.4,95.9,100,100,602,585
2200000,0,Norwood,94.8,74.7,80.25686977,17.2,10.2,8.6,16.3,61.5,0,0.6,2.7,50,50,0,86.5,15849.55,27,12.8,49.9,21.8,29.4,94,100,56.5,546,567
2260000,0,Oxford,94.3,60,89.0205864,21,1.8,1,11.8,80.7,0.1,0.1,4.4,50.1,49.9,0.1,56.7,13192.41,1,0.3,45.6,17.4,36.7,84.4,98.3,55.6,523,506
2270000,0,Palmer,94.4,66.3,89.32112891,15.1,3.3,2.6,12.8,76.5,0.1,0,4.7,51.1,48.8,0.1,85.3,14581.61,5.6,4,58.5,18.3,50.8,85.3,99.2,69.3,546,515
2290000,0,Peabody,94.3,71.4,84.06896552,18.7,3.9,2,18.7,73,0.2,0,2.2,50.4,49.6,0,77.5,14213.96,15.1,9.3,52.1,19.9,37.4,91.4,99.3,77.3,518,526
2310000,0,Pembroke,95.1,75.6,87.86656891,18.4,0.5,0.9,1.7,94.3,0.1,0,2.4,52.2,47.7,0.1,95.7,13558.81,1.9,1.4,27.3,15.2,14.9,87.8,99.5,99.6,553,558
2360000,0,Pittsfield,91.9,70.9,76.70713202,14.9,11.6,1.3,16.4,60.6,0.3,0,9.7,51.4,48.6,0,76.9,15844.58,8.6,4.9,66.4,22.2,58.6,81.6,91.2,74,542,525
2390000,0,Plymouth,95.5,68.3,84.04343046,16.9,2.2,1,6.6,85.1,0.2,0,4.8,52.2,47.8,0,84.2,17114.05,5,2.8,40,20,27,88.6,98.4,65,546,543
2430000,0,Quincy,95.6,75,77.71874661,16.2,6.9,40.9,8.4,39.6,0.2,0.3,3.7,52,48,0,84.2,15478.45,44.7,15.7,61.4,19.7,39,93.5,99.6,60.7,542,563
2440000,0,Randolph,94.6,68.5,85.05325009,18.5,49.4,17.6,16.2,11.8,0.3,0.1,4.6,53.5,46.4,0,55.8,17612.67,37.1,16.1,71.8,22.3,54,83.5,99.2,94.4,510,513
2460000,0,Reading,96.3,87.3,86.34146341,19.2,2.5,5.3,3.3,86.2,0.1,0,2.5,52.1,47.8,0.1,97.3,13192.82,2.5,1.1,24.6,17.8,8.9,88.1,99.7,85.2,572,582
2480000,0,Revere,94.8,66.4,75.63410685,20.2,3.5,4.4,57.7,32.2,0.3,0,1.8,50.9,49.1,0,53.3,13221.51,68.6,22.9,72.9,17,56.1,88,98.6,100,534,544
2510000,0,Rockland,95,75.4,79.12730544,18.6,6.3,1.3,17.3,70.5,0,0,4.6,51.6,48.4,0,70.9,15568.04,14.6,8,52.3,18.6,41.4,88.1,100,100,531,530
2520000,0,Rockport,90.3,74.7,90.75342466,14.1,0.7,1.8,3.7,90.7,0,0,3.1,52.5,47.5,0,90.2,18375.13,1.3,0.7,37.5,22,20.7,91.3,98.9,100,571,550
2580000,0,Salem,92.2,62.1,83.63587104,16.2,6.7,2.7,43.5,42.6,0,0,4.5,51.7,48.2,0,49.6,19506.3,32.2,13.7,67.4,22.9,55,78,97.3,100,546,533
2610000,0,Sandwich,95.5,78.9,87.37353298,18.1,1.2,2.5,3.3,91.2,0.6,0.2,1,49.4,50.6,0.1,86.3,16950.2,2,0.9,34.1,19.4,20,86.3,98.4,99.4,559,546
2620000,0,Saugus,94.5,79.2,81.08108108,17.1,5.3,5.2,20.6,65.2,0.8,0.3,2.6,52.1,47.8,0,84.2,15670.66,20.6,6.3,51.7,18.6,36.8,85.1,99.5,86.8,517,515
2640000,0,Scituate,95.2,88.6,88.76061121,19.6,2.6,0.6,2.2,92.2,0.1,0,2.2,50.3,49.7,0,96.9,15020.97,2.3,0.4,23.2,14.5,11.1,90.9,99.6,92.9,588,573
2650000,0,Seekonk,96.1,81.5,88.35952849,17.5,2.4,3.4,6.1,84,0,0,4,50,49.8,0.2,88.3,15346.92,7.5,2.7,30.7,16.8,15.3,91.5,99.9,95.5,573,564
2660000,0,Sharon,95.7,86.8,75.73033708,18.6,4.9,30.1,5.9,52.8,0.1,0.1,6.2,51,48.9,0.1,95.8,16030.5,26.7,3.1,26.9,14.4,9.8,89.1,99.4,68.6,635,652
2710000,0,Shrewsbury,94.8,90,81.46104982,20.5,3.3,33.4,9.2,49.4,0.5,0,4.3,49.6,50.3,0,92.7,12937.73,36.1,2.7,29.9,14.3,13.6,91,99.3,99.8,583,604
2740000,0,Somerville,94.1,65,89.8250162,15.6,8.6,6.1,40.8,39.7,0.1,0.1,4.6,52.3,47.6,0.2,77.1,19236.25,48.2,18.3,59.8,19.5,44.7,88.8,98.3,60.7,526,525
2770000,0,Southbridge,89.7,43.6,93.54177345,18.3,1.5,1.3,62.8,32.2,0.2,0.1,2,51.9,48.1,0,45.5,16626.73,35.3,19.8,84.8,21.4,77.2,66.7,94.1,99,436,433
2780000,0,South Hadley,93.7,76.4,62.20644457,15.6,1.8,2,15.6,77.5,0.1,0,3.1,49.3,50.7,0.1,95,13857.14,7.7,4.3,42.9,20.6,29.7,89.7,100,78,564,577
2810000,0,Springfield,93,50.4,71.99424046,17.2,18.6,2.1,67.9,9.1,0.2,0,2.1,52,47.9,0,44.4,15865.14,29.8,16.3,86.5,24.7,81.8,86.5,93.5,98.8,493,487
2840000,0,Stoneham,95.1,81.1,90.17316017,17.6,2.2,5.8,9.6,78,0.3,0,4,50.7,49.2,0,90.3,15829.51,12.5,3.5,36,20.3,19.3,85.7,100,100,563,559
2850000,0,Stoughton,95.2,81.3,90.9643788,17.2,24.7,6.1,14.4,48.7,0.1,0.3,5.6,51.9,48.1,0,70.6,14909.86,18.4,7.3,51,17,38.5,91.8,100,100,536,520
2900000,0,Sutton,96.1,91,89.01098901,20.1,1.2,1.5,4,89.6,0,0.1,3.7,50.7,49.3,0,97,13542.49,2.9,2,30.1,18.1,15.2,92.4,99.8,95,552,543
2910000,0,Swampscott,95.3,92.3,85.97056118,17.3,3.9,2.6,12.1,78.2,0.2,0,3,50.9,49.1,0,92.2,15940.12,15.4,6.1,35.9,17.5,18.6,91.6,100,100,571,581
2920000,0,Swansea,94.9,75.4,88.93280632,17.9,0.9,1.2,2.5,93.6,0.2,0,1.6,51.5,48.5,0,85.9,13474.61,1.9,0.4,31.1,12.8,23,89.3,99.8,100,553,534
2930000,0,Taunton,94.1,64,78.90435449,19.9,19.2,1.1,13.5,60.2,0.3,0.2,5.6,50.7,49.3,0,72.1,13381.44,11.4,5.6,59.7,19.9,50.6,93.3,99.6,78.2,551,530
2950000,0,Tewksbury,96.3,82.6,86.5969874,19.9,3.8,4.1,6.3,83.8,0.1,0.1,1.8,49.5,50.5,0,87.1,16111.39,6.6,1.8,33.3,18.1,17.8,94.7,100,100,561,565
3010000,0,Tyngsborough,94.8,87.7,82.71759549,18,4.5,8.6,7,76.1,0.3,0,3.5,50.9,49.1,0,92.2,14534.57,9.4,4.2,34.8,18,18.6,93,100,100,550,568
3040000,0,Uxbridge,94.9,77.1,83.38386901,17.7,1.2,1.3,6.5,88.2,0.5,0.1,2.2,54.1,45.9,0,83.3,15070.66,5,2.2,37.1,17.6,25.1,87.2,100,86.8,547,546
3050000,0,Wakefield,95.5,82.3,89.72296693,18.3,2.8,3.6,7.7,82.5,0.2,0.2,3.1,50.9,49.1,0,90.5,14543.04,6.1,2.4,28.6,16.5,13.8,89.8,100,100,554,551
3070000,0,Walpole,95.5,87.4,86.85483871,19.2,3.5,6.6,6.4,79.8,0.3,0.1,3.3,50.1,49.9,0,90.4,14918.95,10.6,3.5,27,14,13.1,89.9,100,3.1,562,547
3080000,0,Waltham,94.6,67.4,86.50851141,16,9.2,5.3,42.6,40.4,0.1,0,2.5,52.4,47.6,0,76.7,20837.74,51.3,22.6,57.7,16.3,40.7,86.3,99.6,95.4,539,542
3090000,0,Ware,94.6,61.2,84.72596586,19.2,1.5,0.4,7.8,86.1,0.2,0.3,3.7,51.1,48.9,0,57,14647.98,2.5,1.4,63.8,22.1,57.4,85.1,99.5,100,517,533
3100000,0,Wareham,94.4,48,87.69379845,15,7.4,0.9,9,68.6,1.3,0.1,12.7,48.9,51.1,0.1,58,17114.52,2.7,1.4,65,25,57.5,94.3,99.3,99.2,508,498
3140000,0,Watertown,94.8,74,82.94420261,16.8,4.3,7.2,19.1,63.6,0.4,0,5.3,51.7,48.3,0,80.1,20086.46,39.1,14.2,50.4,19.8,32.6,84.4,98.9,70.8,567,583
3150000,0,Wayland,97,92.3,83.83763838,17.3,5,15.4,5,68,0,0.1,6.5,49.7,50.3,0,98.5,18107.1,13.1,3.5,26.7,17.9,6.6,92.5,99.8,82.6,636,661
3160000,0,Webster,93.3,53.7,86.02981778,18.2,6.1,1.7,32.6,52.9,0.1,0.1,6.6,52.1,47.8,0.1,65.1,14724.12,16.2,10.8,71.4,22.8,62.4,85.1,99.3,75,530,526
3170000,0,Wellesley,95.9,83.9,87.43056984,17.6,3.8,15.5,5.4,67.9,0,0,7.3,49.2,50.8,0,97.5,19100.61,8,1.9,25.4,17.1,6.9,88.5,99.6,100,617,628
3210000,0,Westborough,95.5,89.9,81.78747727,17.2,2.1,35.2,8.3,51.1,0.1,0.1,3.2,50.4,49.6,0.1,95.9,14926.9,31.6,11.4,37.6,16,12.5,90,99.1,99.6,604,619
3220000,0,West Boylston,95.3,77.4,90.8045977,15.5,3.7,2,11.5,78.3,0.1,0.2,4.2,49.4,50.6,0,72.7,15594.01,7.3,4.2,38.4,17.8,24.9,87.2,100,100,545,526
3230000,0,West Bridgewater,95.8,79.2,92.64931087,19.3,6.3,1,5.2,82.3,0.1,0.1,4.9,49.6,50.4,0,91.5,13238.6,2.5,1.5,27.8,10.6,19.4,91.6,100,100,548,540
3250000,0,Westfield,94,63.9,72.24268269,17,2.3,3.2,17.4,73.6,0.1,0,3.5,52,48,0,76.5,14038.16,12.3,5.1,52.9,20.4,42.3,89.5,97.4,76.4,539,523
3260000,0,Westford,96.4,91,85.44138347,18.2,1.3,29.1,2.5,62.8,0.1,0,4.1,49.9,50.1,0,99,14004.14,12.7,1.7,24,15.5,7.3,90.5,99.7,100,622,641
3300000,0,Weston,96.9,88.7,92.41614001,15.9,6.7,17.4,6.3,64.1,0.1,0.1,5.4,50.9,49.1,0,98.2,24506.71,9.1,4.2,25.9,17,6.1,91.4,99,100,628,647
3310000,0,Westport,94.5,74,86.73395818,16.5,0.5,0.4,4.1,91.1,0.1,0,3.8,53.1,46.9,0.1,67.4,15219.43,2.4,1.3,39.9,18.6,27.5,88.3,100,83.3,581,529
3320000,0,West Springfield,94.8,72.3,88.19271093,17.3,3.6,8.8,21.2,62.9,0.1,0,3.4,51.3,48.7,0,65.4,13065.86,30.1,9.9,59.9,18.5,50.6,90.9,99.7,63.7,548,556
3350000,0,Westwood,96.6,94.6,90.25423729,17.7,2.1,11.8,4.9,76.3,0,0,4.8,51.3,48.7,0,95,18175.41,5.9,0.8,23.9,18.3,6.2,88.6,99.6,97.7,596,619
3360000,0,Weymouth,94.5,67.7,67.58356546,18.1,7.3,6.9,12.3,68.6,0.2,0.1,4.6,50,50,0,73.7,15262.02,14.4,5.5,48.9,21.1,35,89.3,99,49,541,537
3420000,0,Wilmington,95.8,83.3,91.18492494,17.2,1.5,6,4.5,84,0.1,0,4,50.8,49.1,0.1,85.8,15968.47,3.3,0.8,26.3,16.9,11.9,91.3,100,100,562,554
3430000,0,Winchendon,93.1,42.5,86.43639427,17.9,1.9,1.7,6.5,86.1,0.1,0.3,3.6,53.6,46.3,0.1,41.9,13599.12,2.2,0.8,58.2,22,49.7,77.8,100,55,501,474
3440000,0,Winchester,96.1,87.9,78.28271794,19.2,1.2,18.9,3.4,70,0.2,0,6.3,50.1,49.9,0.1,92.8,13451.34,19.3,3,25.2,16.4,5.7,89.4,99.5,85.9,626,645
3460000,0,Winthrop,95.3,77.9,85.50204918,20,1.3,0.6,16.1,80.3,0.1,0.1,1.4,49.2,50.8,0,80.5,13010.31,21.7,7.3,46,15.2,31.9,87.3,99.2,100,544,523
3470000,0,Woburn,95.1,76.2,83.94093216,16.1,7.2,7.6,11.9,69.1,0.6,0.2,3.6,49.8,50.2,0,88.3,16908.8,20.7,8,47,17.6,32.2,89.2,100,99.4,545,555
3480000,0,Worcester,94.4,60.2,82.65546218,16.4,17.1,6.5,43.1,28.8,0.2,0,4.4,51.1,48.9,0,74.5,14142.28,58.7,30.2,77.6,0.5,64.3,84.3,96.3,91.5,498,496
4060000,1,Northampton-Smith Vocational Agricultural,95.2,39,50.19920319,11.8,1.5,0.6,13.1,83.1,0,0.2,1.5,57.8,42,0.2,84,22467.51,4.4,3.4,59.1,40.7,35.4,87.7,96.4,100,508,498
4100000,0,Excel Academy Charter (District),93.9,85.9,63.02843966,23.6,6,0.9,79.4,12,0.7,0.4,0.6,50.5,49.5,0,89.1,18188.59,57.3,8.5,72.6,18.8,53.8,72,78.3,63,480,503
4110000,0,Boston Green Academy Horace Mann Charter School (District),91,76,35.18930958,15.9,44.6,1.8,43.6,6.5,0.2,0.4,2.9,52.5,47.5,0,67.5,16381.61,36.3,16.9,83.3,33.2,72.1,76.7,86.5,0,457,454
4130000,0,Four Rivers Charter Public (District),92.5,79.3,71.62162162,13.2,0.9,1.4,7.4,82.8,0.5,0,7,43.3,55.8,0.9,92.1,17463.97,0.9,0,37.2,14.4,27.9,82.9,59.1,93.1,625,593
4140000,0,Berkshire Arts and Technology Charter Public (District),94.5,73.3,83.19783198,18.6,12.6,2.4,12.4,66.7,0.3,0,5.6,53.2,46.2,0.5,91.4,17389.49,1.3,1.3,59.9,20.2,49.5,84.6,51.9,80,585,586
4160000,0,Boston Preparatory Charter Public (District),93,94.8,1.879699248,16.4,67.5,0.4,27.9,1,0,0.1,3,49.3,50.7,0,75,21931.85,33.8,19.2,79.1,20.3,60.4,74.1,86,100,476,506
4240000,0,Boston Day and Evening Academy Charter (District),52.4,38.6,8.829174664,13.8,47.2,0.8,45.8,3.9,0.6,0,1.7,46.6,53.4,0,100,15880.45,36.8,16,84,38.1,71.3,88.5,90.9,24.6,497,495
4290000,0,KIPP Academy Lynn Charter (District),95.3,81.5,83.28785812,23.7,18.3,3.3,69.8,5.8,0.2,0.1,2.5,49.6,50.4,0,76.4,18286.74,80.6,12.1,72.9,11.5,57.7,58.5,66.4,100,492,514
4300000,0,Advanced Math and Science Academy Charter (District),96.1,92.3,78.86597938,18.8,1.9,17.3,7,67.8,0,0,6,52.4,47.5,0.1,96.2,15125.37,24.6,1.3,24.2,5.8,10.4,91.9,89.2,100,625,667
4350000,0,Innovation Academy Charter (District),95.1,84,87.53148615,18.9,8.2,8.7,11,67.2,0.1,0,4.7,47.1,52.4,0.5,79,14570.17,9.4,2.4,38,21,17.7,83.3,91.1,93.6,549,529
4360000,0,Community Charter School of Cambridge (District),96.2,88,72.67267267,12.2,71.1,4.3,15.1,4.9,0.3,0,4.3,42.8,57.2,0,93.3,21003.24,45.1,5.9,57.2,14.5,45.4,69,80.1,100,539,546
4370000,0,City on a Hill Charter Public School Circuit Street (District),92.3,80,25.94142259,13.2,64.5,0,32.4,2.3,0,0,0.7,52.2,47.8,0,29.4,29569.13,34.4,23.4,83.9,21.7,69.2,41.2,64.8,100,473,487
4380000,0,Codman Academy Charter Public (District),95.8,82.9,68.51851852,14.9,77.6,0,20.7,0.6,0.3,0,0.9,48.9,51.1,0,71.4,22888.89,21.8,10.3,77,24.7,67.2,79.1,62.3,100,431,469
4410000,0,Sabis International Charter (District),95.3,82.7,88.92445583,26.6,28,3.7,45.2,17.7,0,0,5.5,49.6,50.4,0,60.3,13786.66,5.4,4,57.7,15.3,46.8,65.2,85.1,100,528,519
4450000,0,Abby Kelley Foster Charter Public (District),97.1,87.8,95.28501056,19,54.1,3.4,19.4,17.3,0.6,0,5.1,45.7,54.3,0,93.6,14094.02,66.8,13.7,62.2,12.1,48,79.2,93.1,100,520,494
4460000,0,Foxborough Regional Charter (District),96.3,87.3,84.648582,20.9,51.5,9.6,6,27.5,0.1,0.2,5.1,48.4,51.6,0,74.5,12519.66,17.7,7.2,45.4,10.2,30.5,79.9,86.3,100,569,543
4490000,0,Boston Collegiate Charter (District),95.5,87.5,61.76890157,16.8,34.7,1.8,17.4,42.6,0.1,0.1,3.2,48.7,51.3,0,3.3,19307.33,12.7,4.4,52.6,15.9,38.7,77.9,78,100,534,547
4520000,0,Edward M. Kennedy Academy for Health Careers (Horace Mann Charter) (District),92,84.5,35.34031414,17.8,36.9,1,56.4,2.9,0.3,0,2.6,34.3,65.7,0,62.6,21636.13,53.8,12.2,82.3,20.3,70.6,77.1,91.9,42.9,439,430
4690000,0,MATCH Charter Public School (District),94.4,91.4,84.83050847,20.4,48.2,0.5,46.7,1.3,0.4,0.2,2.6,48.3,51.7,0,67.7,19947.06,56.9,18.1,83.6,22.3,69.2,82.7,75,0,470,521
4700000,0,Mystic Valley Regional Charter (District),97.1,93.2,86.65389527,23.6,17.7,24.7,9.8,42.8,0.2,0,4.7,48.4,51.6,0,100,12866.24,46.4,1.7,33.3,11.4,21.5,66,56.2,100,586,586
4740000,0,Sizer School: A North Central Charter Essential (District),93.8,72.2,62.10526316,14.6,6.3,1.4,25.7,63.4,0.5,0,2.7,55.7,44,0.3,76.1,16574.12,3,0.8,56.3,27,41.8,79.5,84.5,100,537,499
4780000,0,Francis W. Parker Charter Essential (District),94.1,93.1,10.40609137,17.6,1.8,2.5,4,86.2,0.3,0,5.3,44.9,54.6,0.5,100,16390.32,2.5,0,23.6,16,10,66.7,68,84.5,619,572
4790000,0,Pioneer Valley Performing Arts Charter Public (District),92.4,86.9,98.4962406,11.8,8.4,1,19.9,63.2,0,0.3,7.2,33.5,66.5,0,82.1,16693.33,0,0,44.5,21.5,33,71.4,70.6,100,564,512
4830000,0,Rising Tide Charter Public (District),95.7,79.7,96.34703196,18.5,0.9,1.4,3.8,86,1.1,0,6.9,50.6,49.2,0.2,83.3,14940.71,2.1,0.5,32.1,19.8,16.4,82.5,79,100,578,549
4840000,0,Roxbury Preparatory Charter (District),92.8,88.6,89.53409858,23.9,56.2,0.6,40.3,1.3,0.3,0.1,1.3,53.1,46.9,0.1,88.3,17877.56,39,20.2,81.6,14.8,69.5,65.1,72.7,100,478,498
4850000,0,Salem Academy Charter (District),95.6,86,95.61586639,19.1,11.1,5.9,44,37.2,0,0,1.8,48.1,51.5,0.4,88.6,16603.09,26.1,3.4,51.9,17.6,38.4,72.5,85.8,100,540,527
4870000,0,Prospect Hill Academy Charter (District),95.6,97,24.19064748,20.1,56.9,7.2,20.9,10.8,0,0.2,4,50.4,49.6,0,71.6,19715.15,44.1,14.5,69.2,14.2,53.1,64.8,80.7,100,514,518
4880000,0,South Shore Charter Public (District),95,80.3,85.97236982,17.1,35.1,5.6,5.9,46.9,0.4,0,6,51,48.6,0.4,89.7,13200.55,38.1,6.7,53.1,19.1,28.7,89.8,83.3,86.9,522,492
4890000,0,Sturgis Charter Public (District),94.7,93.3,67.97619048,14.5,2.5,2.9,4.5,86.9,0.5,0.1,2.7,42.6,57.3,0.1,94.7,14712.95,9.8,0.9,27.3,13.7,15.5,85.6,50.5,100,592,590
4910000,0,Atlantis Charter (District),94.1,77.8,78.86115445,24.5,5.4,2.2,14.8,73.4,0.1,0.1,4.1,48.1,51.9,0,68.8,12774.14,27.7,14.1,61.7,13.4,50.5,72,70.1,100,504,499
4940000,0,Pioneer Charter School of Science (District),96.7,91.9,88.69565217,18.9,24.9,6.4,29,35.8,1.5,0,2.4,48.1,51.9,0,86.8,14409.46,65.5,17.4,65.5,8.9,42.3,59.3,78.8,100,559,604
4990000,0,Hampden Charter School of Science East (District),95.5,91.7,58.47953216,18.1,30.9,2,37.4,25.9,0.6,0,3.1,49.8,50.2,0,89.3,14513.24,7,5.2,60,13.5,52.4,76.1,72.4,100,590,607
6000000,0,Acton-Boxborough,96.2,89.2,78.94544791,20.7,3.1,33.7,6.2,51.7,0.1,0.1,5.1,51.9,48,0.1,97.8,14382.42,21.5,5.2,27.8,15,8.1,91.2,100,61.1,656,686
6030000,0,Hoosac Valley Regional,94.5,63.8,88.86844526,14.7,3.4,0.6,3.1,90.3,0.2,0,2.4,50.3,49.7,0,79.2,15721.64,1.5,1.2,61,23.9,53.4,82.8,95.4,68.8,495,504
6050000,0,Amherst-Pelham,94.8,74.8,79.9556213,13.9,8.1,9.2,18.2,55,0,0,9.4,50.9,48.9,0.2,84.6,21863.66,19.9,7.4,43.7,22.2,29.7,84.9,98.2,31,617,618
6100000,0,Ashburnham-Westminster,96,81.5,83.62521891,18.2,1.2,1,5.1,89.7,0.1,0,3,50.6,49.4,0,91.9,12388.67,4,1.5,34,19.4,19.9,90.5,98.8,100,567,564
6150000,0,Athol-Royalston,93.6,31.9,86.00562588,18.6,1.8,1,10.4,82.9,0.1,0,3.9,54.2,45.8,0,67,14438.33,5.4,2.9,64.6,24,55.4,83.3,97.3,100,507,491
6160000,0,Ayer Shirley School District,95.2,84.2,96.24697337,19.3,3.8,2.9,11.2,75.5,0.7,0.3,5.6,52.3,47.7,0,80.5,14261.2,9.7,3.6,43.3,21.5,27.7,83,99.1,83.2,560,552
6180000,0,Berkshire Hills,94.3,77.8,81.54106689,14.4,1.5,3,11.1,78.2,0.2,0.3,5.8,50.2,49.8,0,90.7,20889.94,9.7,4.4,44.2,18.2,33.8,92.9,99.1,99.2,579,556
6200000,0,Berlin-Boylston,96.1,96.3,67.93103448,16.5,1.4,4.5,7.1,83,0.3,0.1,3.6,49.6,50.2,0.2,93.2,14169.16,12.5,2.1,28.2,16.2,14.1,83.3,100,100,576,588
6220000,0,Blackstone-Millville,95,62.3,89.05592303,19.5,1.7,0.8,8.5,84.7,0,0,4.3,51.9,47.9,0.1,92.6,13784.27,6.6,1.7,40.8,17.9,27.3,85.7,100,100,544,541
6250000,0,Bridgewater-Raynham,96.6,79,75.82146249,20.8,7.6,2.3,3.3,81.7,0.1,0.1,5,51.4,48.6,0,92.9,12832.3,5.8,2.8,32.9,16.3,20.5,93.4,100,100,555,563
6350000,0,Central Berkshire,94.6,75.2,80.62418726,17.5,0.5,0.7,4.8,89.6,0.2,0,4.3,52.3,47.7,0,87.4,16518.28,0.9,0.5,43.8,15.2,37,90.3,100,57.9,513,530
6400000,0,Concord-Carlisle,95.5,83.8,55.18316446,15,4.5,7.8,5,76.7,0.2,0,5.9,48.8,50.8,0.4,95.2,20293.8,5.2,0.3,23.2,17.9,7.8,92.4,100,100,633,647
6450000,0,Dennis-Yarmouth,94.8,68.8,92.21617947,15.6,10.3,2.7,13.1,65.2,2,0.2,6.6,52,48,0,67.5,17106.07,19.8,11.5,60.3,17.9,48,91.4,99.6,95.8,531,511
6500000,0,Dighton-Rehoboth,95.2,74.6,90.51966292,19.3,1.6,1.5,4.3,88.8,0.1,0,3.7,51.7,48.3,0,83.3,13935.17,1.2,0.4,28.5,15.3,17.7,89.4,99.5,100,556,540
6550000,0,Dover-Sherborn,96.4,90.6,88.9632107,17.1,3.3,11.3,4.6,74.5,0.3,0,6.1,52.2,47.7,0.1,100,20573.73,6.2,0.3,20.6,17,3.7,93.2,99.5,100,634,651
6580000,0,Dudley-Charlton Reg,95.7,73.2,81.26855601,18.6,1.7,1,9.7,84.3,0.2,0.1,3.1,50.9,49.1,0,83.7,11919.81,8.3,3.5,37.2,16.1,25.6,91.2,100,58.4,546,547
6600000,0,Nauset,94,79.3,69.75512905,15.9,5,2.2,5.4,84.4,0.1,0.1,2.7,46.7,53.1,0.2,90.9,20132.91,6,2.5,37.4,17.7,23.8,93.4,99.3,100,585,561
6650000,0,Freetown-Lakeville,95.8,81.7,88.50740875,18.9,1.8,0.7,2.4,92.7,0,0,2.3,50.7,49.3,0,86.5,12842.58,1.3,0.5,29.8,15.9,18.9,87.4,100,58.1,553,572
6700000,0,Frontier,94.6,68.1,62.42331288,13.8,2.5,2.9,6.6,83.7,0,0.2,4.2,53.5,46.5,0,93.5,18143.73,3.5,0.8,32.8,17.5,21.1,84.2,99.2,89.4,567,570
6720000,0,Gateway,93.9,68.3,91.44654088,14.5,0.5,0.4,5.6,91.6,0.3,0.3,1.3,52.5,47.5,0,81.6,17879.67,4.2,2.4,50.4,21.6,38.5,89.3,97.5,100,539,523
6730000,0,Groton-Dunstable,96.5,90.1,86.95652174,18.6,1,6.9,3.4,84.9,0.3,0.1,3.3,51.6,48.3,0.1,95.1,14990.25,2.3,1,23.7,16.3,8,90.2,100,100,596,623
6750000,0,Hamilton-Wenham,96.1,88.9,92.61591299,17.6,0.5,3.8,4.9,87.9,0,0.2,2.8,48.4,51.6,0,91.1,16963.23,2,0.8,24,19,7.3,87.9,100,100,593,591
6800000,0,Hampden-Wilbraham,95.6,83,78.37474815,18.1,2.8,2.4,8.5,82.5,0.3,0.1,3.5,50.3,49.7,0,93.7,14946.07,3.2,1.3,31.2,15.4,20.2,84.2,100,86.2,549,558
6830000,0,Hampshire,94.2,80,73.92510402,13.8,0.3,1.3,4.1,91.2,0.1,0,2.9,42.9,57.1,0,94.8,18314.82,3.1,1.5,34.6,23.1,18.3,92,97.3,69.4,587,576
6900000,0,King Philip,95.5,86.8,47.29330709,19.3,2.2,2.7,4.7,87.9,0.2,0,2.4,51.1,48.9,0.1,94,13986.16,1.7,0.4,25.2,17.1,11.4,83.6,100,100,579,565
6950000,0,Lincoln-Sudbury,96.6,87.2,65.44741999,18.3,5.4,4.2,5.3,77.2,0.1,0.1,7.8,49.7,50.3,0,96.6,18876.12,4.3,0.8,26.7,21.7,7.5,95.7,99.8,100,616,628
6980000,0,Manchester Essex Regional,95.4,80.6,85.69364162,16.4,0.4,1.1,1.3,96.7,0,0,0.6,51,48.9,0.1,96.9,17833.84,2.2,0.6,27,18,11.2,87.2,98.5,100,613,601
7000000,0,Martha's Vineyard,94,66.9,56.44654088,11.6,4.8,1.3,20.8,65.9,2.2,0.3,4.8,53,47,0,76.4,30855.84,23.2,11.9,54.3,22.7,34.1,88.5,98.7,100,576,561
7050000,0,Masconomet,95.8,89.9,63.78923767,17.6,0.7,3.7,3,90,0.1,0.2,2.4,46.7,53.3,0,98.7,17421.6,1,0.2,25.1,18.6,8.3,94.2,99.2,49.3,584,597
7100000,0,Mendon-Upton,95,85.9,84.86871384,19.4,0.7,2.7,5.1,89.1,0.1,0,2.3,49.8,50.2,0,98.8,15324.48,5.1,2.1,26.3,15.9,10.8,86.1,97.8,66,570,555
7120000,0,Monomoy Regional School District,95,81.4,85.15667949,15.3,5.8,1.4,8.7,77.4,0.6,0.2,6,51.1,48.9,0,87.6,18520.22,9.9,4.4,43.3,16.9,31.9,85.7,98.5,91.2,573,558
7150000,0,Mount Greylock,95.5,83.3,80.56749785,14.7,2.4,1.8,4.8,86.2,0,0,4.8,49,51,0,93.7,19470.36,1.1,0.7,28.5,14.2,19.8,84.4,98.1,53.6,599,590
7170000,0,Mohawk Trail,94.1,75,83.7408313,11.2,0.3,0.1,4.7,92.2,0,0,2.7,50.2,49.8,0,88.5,20053.09,0.9,0.8,50.8,24.1,37.5,76.4,100,100,536,528
7200000,0,Narragansett,94.5,59.8,87.26067747,19.6,0.7,0.3,7.5,87.9,0.1,0.1,3.4,52.2,47.8,0,75.8,12651.42,1.3,0.5,42.9,18.8,32.5,86.5,100,100,523,548
7250000,0,Nashoba,95.5,89.2,90.12345679,17.6,1.4,3.7,6.4,85.4,0.1,0.1,3,50.9,49.1,0.1,95.5,16159.75,7.2,3,26.5,17.4,10.2,90.8,99.2,99.6,594,608
7300000,0,Northboro-Southboro,94.9,90.9,52.15877437,15.9,1.5,12.4,6.3,74.8,0.4,0.4,4.2,48.6,51.4,0,99.1,16528.43,13.7,1.3,23.8,15.2,9.2,91.5,99.1,62.6,595,606
7350000,0,North Middlesex,94.7,79.9,94.48713665,19.2,2.1,1.8,5,87.8,0.1,0,3.1,51.3,48.7,0,88.3,15155.76,2.4,1.4,39,22.4,22.1,90,100,100,555,532
7400000,0,Old Rochester,93.8,89.8,70.52980132,17.8,2.4,1.4,1.9,89.3,0.1,0,5,53.5,46.5,0,96.6,15501.82,1.4,0.1,24.1,12.5,15.3,94.5,100,97.3,572,580
7450000,0,Pentucket,95.5,90.7,78.76447876,16.1,0.4,1.2,5.8,90.2,0,0,2.3,52.7,47.3,0,94.2,14782.16,0.8,0.4,29.4,21.3,13,91,100,91.3,553,559
7500000,0,Pioneer Valley,95.2,75.9,77.73109244,14,0.6,0.6,1.3,93,0,0.5,4,49.8,50.2,0,100,18620.35,1.1,0.2,42.8,22,28.8,74.3,99.7,53.4,605,573
7530000,0,Quabbin,94.9,75.7,89.00193798,19.1,0.9,1.2,5.9,89.6,0.1,0.1,2.1,50.6,49.2,0.1,71.7,15121.35,1.3,0.5,41.1,19.1,31,87.3,99.3,100,552,545
7550000,0,Ralph C Mahar,93.9,69,61.74582798,14.3,1.6,1.8,7.9,84.5,0.2,0.2,3.9,51.7,48.1,0.2,72.8,15818.4,2.4,0.5,56.7,25.2,46.8,87.5,96.2,96.2,530,532
7600000,0,Silver Lake,95.3,76.6,59.0964591,17.7,1.3,1,2.7,93.5,0.4,0,1.1,52.4,47.6,0.1,86.9,15532.29,1.6,0.9,30.8,17,18.7,91.9,99.3,94.9,568,573
7630000,0,Somerset Berkley Regional School District,95,76.1,69.66507177,16,1,0.5,4.3,92.6,0.2,0.1,1.4,49.7,50.3,0,69.7,14905.49,1.3,0.1,29.8,17.7,17.8,86.6,100,100,551,562
7650000,0,Southern Berkshire,94.2,69.2,90.85271318,13.6,1.2,0.2,9,84.3,0.6,0,4.7,50.2,49.8,0,94.3,24042.69,5.1,2.5,46,15.8,35.5,94.6,99.7,5.1,582,533
7660000,0,Southwick-Tolland-Granville Regional School District,94.6,73.3,85.89918256,16.2,1.9,1,5.2,89.2,0.4,0,2.3,50.5,49.5,0,91.2,14397.47,5.8,3.7,38.7,17.2,27.3,87.2,100,80.8,543,521
7670000,0,Spencer-E Brookfield,93.8,64.8,93.06487696,16.8,2.6,1.4,15.9,76,0.2,0,3.9,53.5,46.4,0.1,50,15780.96,6.1,3.7,55.9,23.9,44,88.5,99.6,98.9,529,521
7700000,0,Tantasqua,94.5,64,67.50278707,14.7,1.4,1,6.1,87.7,0.2,0.1,3.5,51.6,48.4,0,86.9,14616.58,1.6,0.7,31.4,12.3,23,93.8,100,83.3,569,591
7730000,0,Triton,94.5,76.5,80.46430136,18.1,1.6,2.3,3.8,90,0.1,0.2,1.9,51.3,48.7,0,84.6,16477.36,3.7,1.1,37.4,17.4,25.1,89.2,100,91.2,541,551
7750000,0,Wachusett,95.8,85.6,86.18515334,18,2.5,3.2,6.5,85.2,0.1,0,2.5,50.1,49.9,0,92.5,12279.77,4.1,1.7,27.9,15.2,13.8,87.8,100,91.9,571,573
7780000,0,Quaboag Regional,94,61.2,83.12401884,17.8,0.8,0.3,7.1,87.4,0.1,0,4.4,50.6,49.4,0.1,82.8,13772.39,2.8,1.4,51.1,18.6,41.9,84.6,90.4,100,558,523
7800000,0,Whitman-Hanson,95.4,74.1,78.46071619,20.7,3.2,1.4,5.9,85.9,0.5,0.1,3,51.4,48.6,0,85.2,12740.36,3.5,1.9,34,15.8,22.5,88.8,100,95.9,545,518
8010000,1,Assabet Valley Regional Vocational Technical,95.4,50,37.77581642,16.4,1.7,0.5,21.9,73.5,0.2,0,2.3,58.5,40.6,1,87.7,20075.88,20.9,5,54.7,25,33.1,95.5,96.4,100,506,507
8050000,1,Blackstone Valley Regional Vocational Technical,96.3,78.7,37.45928339,17.1,1.2,1.9,7.7,86.7,0,0.1,2.4,49.7,50.1,0.2,90.7,19261.28,0.6,0.4,19.3,10.6,10.4,90.3,98,100,578,564
8060000,1,Blue Hills Regional Vocational Technical,95.4,62.2,28.90716804,14.6,22.1,2.1,15.3,54.4,0.7,0,5.4,53.9,46.1,0,96.6,22817.37,7.4,1.5,53.1,26.9,31.8,95.1,100,100,502,480
8100000,1,Bristol-Plymouth Regional Vocational Technical,95.3,42.9,21.979735,17.3,3.6,1,6,85.4,0.4,0,3.7,57.4,42.6,0,97.2,18753.08,2,0.3,41.2,17.1,29.2,95.9,99,100,521,508
8150000,1,Cape Cod Regional Vocational Technical,94.2,45,18.29268293,13.3,8.3,0.5,12.6,71.4,1.6,0.3,5.3,63.3,36.4,0.3,86.3,26771.11,5,2.2,62.8,26.5,46.6,82.1,98.3,100,486,481
8170000,1,Essex North Shore Agricultural and Technical School District,96.1,65.8,4.953338119,16.8,1.6,1.7,13.1,79.3,0.3,0.1,3.9,41.6,58.2,0.2,91.6,18657.33,6.5,0.3,34.1,18,19.2,87,95.3,100,533,509
8210000,1,Greater Fall River Regional Vocational Technical,96.1,52.2,16.56005686,16.1,3.5,2.2,12.3,75.5,0.7,0,5.9,54.8,45.1,0.1,97.9,19833.56,7.4,1.7,47.5,11,40.6,94.3,98,99.4,509,498
8230000,1,Greater Lawrence Regional Vocational Technical,95.6,45.1,6.658047835,15,1.2,1.2,81.9,15.4,0.1,0.1,0.1,49.7,50.3,0,85.7,22320.99,43.9,9.4,73.4,16.4,60.8,81.7,92.1,100,461,471
8250000,1,Greater New Bedford Regional Vocational Technical,96.6,50.7,7.03564728,15.3,8,1.1,25.3,59.3,0.4,0.1,5.8,52.2,47.8,0,89.9,19818.24,19.9,4.2,52.9,10.3,42.4,97,99.4,100,507,494
8280000,1,Greater Lowell Regional Vocational Technical,94.9,44.3,7.126747857,18.7,5.2,17.1,36.1,38.3,0.2,0,3,51,48.6,0.4,82,19453.99,26,9.5,63.3,17.3,48.3,89.8,98.9,0,493,483
8290000,1,South Middlesex Regional Vocational Technical,93.9,34.2,27.68817204,13.6,4.9,1.3,41.1,47.5,2.1,0,3.1,57.5,42.1,0.4,74.1,26845.33,39.9,18.2,77.4,39.7,51.2,87.7,92.6,97.4,494,478
8300000,1,Minuteman Regional Vocational Technical,94.6,58.3,50.48543689,10.1,3.8,3.8,7.7,79.4,0.3,0,5,61.6,37.8,0.6,82.1,35111.54,3.6,0.9,54.5,44.1,17.8,89.7,97.2,100,546,529
8320000,1,Montachusett Regional Vocational Technical,95.5,54,15.33568905,18.6,2,1.8,17.2,74.8,0,0,4.1,48.8,50.4,0.8,86.3,19393.45,6.4,1.1,39.4,14.4,27.9,93,98.2,100,535,522
8510000,1,Northern Berkshire Regional Vocational Technical,94.5,40.7,0,14.6,0.8,0.6,1.4,95.5,0,0,1.8,59.1,40.9,0,83.8,21642.38,0,0,46.2,15.6,38.5,95.1,92.9,100,503,481
8520000,1,Nashoba Valley Regional Vocational Technical,96.9,57,47.2303207,12.4,2.3,1.9,7.6,84.6,0.3,0.1,3.2,60.2,39,0.8,98.9,20508.21,3.2,0.3,50.1,33.6,24.7,85.1,100,100,517,497
8530000,1,Northeast Metropolitan Regional Vocational Technical,95.5,49.1,4.701195219,19.7,2.5,0.7,30.4,64.7,0.2,0.2,1.4,55.1,44.7,0.2,91.3,21864.33,18.7,5,60.3,25.5,40.7,88.2,94.2,100,493,462
8550000,1,Old Colony Regional Vocational Technical,97.2,57,9.506398537,17.4,0.5,0.9,2.3,93.4,0.2,0,2.7,62.3,37.5,0.2,88.4,22370.39,0,0,36.8,23.3,18.8,89.5,98.3,100,529,522
8600000,1,Pathfinder Regional Vocational Technical,94.7,34.4,1.872074883,12.8,0.7,0,3.4,93.1,0,0,2.8,62.5,36.9,0.7,61.3,23311.11,0.2,0.2,54.4,26.9,38.2,86.7,97.3,100,460,453
8710000,1,Shawsheen Valley Regional Vocational Technical,96,60.4,12.1989122,15.5,0.9,0.8,5.8,90.4,0.4,0,1.6,60.6,39.4,0,92.9,23426.7,1.3,0.1,39.8,29.7,16.1,95.3,98.4,66.3,522,500
8720000,1,Southeastern Regional Vocational Technical,96.3,57,13.83647799,16.3,35.8,1.7,14.1,42.6,0,0,5.7,47.6,52.3,0.1,84.8,20413.17,21,3.7,51.2,13.8,38.6,95,97.5,98,494,483
8730000,1,South Shore Regional Vocational Technical,96.1,32.7,5.78125,14.6,1.7,1.1,4.6,91.2,0.3,0,1.1,67.6,32.4,0,89.7,21142.42,1.9,0.8,44.4,27.1,23.8,89.2,95.3,100,502,512
8760000,1,Southern Worcester County Regional Vocational Technical,95.6,52.8,6.743566992,13.7,0.9,0.7,11.4,85.1,0.1,0,1.8,58,42,0,83.9,19434.93,3.2,0.9,35.2,13.7,25.9,93.8,96.4,100,520,512
8780000,1,Tri-County Regional Vocational Technical,94.7,47.5,10.68249258,16.7,1,0.7,7.9,85.4,0.1,0.1,4.7,61,38.6,0.4,86.9,19868.37,0.1,0,45.1,31.6,19.9,86.5,97.7,100,517,509
8790000,1,Upper Cape Cod Regional Vocational Technical,94.3,54.8,0,15.1,3.2,1.1,4.2,83.2,1,0.1,7.2,61.2,38.8,0,96.7,21500,0,0,49.2,25.2,32.7,78.4,91.6,100,523,517
8850000,1,Whittier Regional Vocational Technical,95.8,52.4,19.43319838,15.6,2.9,1.5,25.5,66.3,0.5,0,3.4,53.1,46.9,0,96.2,20625.81,7.4,1.3,49.6,19.1,34.4,90.6,98.2,100,502,488
9100000,1,Bristol County Agricultural,95.3,67.9,0,17.3,2.2,0.4,4.5,91.1,0,0.2,1.6,25.7,74.1,0.2,95.7,21528.63,0,0,36.6,14.7,25.4,88.9,97.2,100,521,542
9150000,1,Norfolk County Agricultural,94.9,72.3,0,16.1,1.2,1.2,1.4,91,0.3,0.3,4.6,28.1,71.8,0.2,92.2,23173.86,0.3,0.2,36.1,23.3,15.6,94.7,98.2,100,533,505
35010000,0,Paulo Freire Social Justice Charter School (District),81.4,55.2,48.46416382,14.3,8.4,0.4,89,1.9,0,0.4,0,42.2,57.8,0,25.3,16066.53,28.1,6.5,87.5,25.9,84,73.1,83.4,100,491,450
35020000,0,Baystate Academy Charter Public School (District),94.4,74.5,60.44624746,14.8,27.5,0.9,59.3,10.7,0,0.4,1.3,53.3,46.7,0,76.2,16021.92,24.7,8.7,80.4,20.7,73.1,47.5,68.4,100,437,447
35060000,0,Pioneer Charter School of Science II (PCSS-II) (District),98.1,84.4,54.84764543,17.4,35.4,12.7,25.1,24.1,0.5,0,2.2,47.8,52.2,0,94.1,14353.38,48.4,20.3,59.7,13,30.8,78.9,78.5,100,562,625
39010000,0,Greenfield Commonwealth Virtual District,90.9,43.8,62.82245827,22.4,7.5,5.2,18.9,61,0.1,0.3,7,45.3,53.9,0.8,33.3,7771.52,7.1,2.7,61.3,21,52.8,89.5,100,100,491,485
39020000,0,TEC Connections Academy Commonwealth Virtual School District,88.2,36.3,47.93354943,46.1,8,2.7,17.9,64,0.2,0.3,6.8,43.9,56,0.1,37.4,7875.09,4.7,1.1,53,17.9,43.7,72,98.5,100,572,552